{
    "best_model.pt": {
        "0": {
            "episode_rewards": [
                202.0,
                202.0,
                202.0,
                202.0,
                202.0,
                202.0,
                202.0,
                202.0,
                202.0,
                202.0,
                202.0,
                202.0,
                202.0,
                202.0,
                202.0,
                202.0,
                202.0,
                202.0,
                202.0,
                202.0,
                202.0,
                202.0,
                202.0,
                202.0,
                202.0,
                202.0,
                202.0,
                202.0,
                202.0,
                202.0
            ],
            "mean": 202.0,
            "std": 0.0
        },
        "1": {
            "episode_rewards": [
                202.0,
                202.0,
                198.0,
                202.0,
                202.0,
                202.0,
                202.0,
                202.0,
                202.0,
                202.0,
                202.0,
                202.0,
                202.0,
                202.0,
                202.0,
                202.0,
                202.0,
                202.0,
                202.0,
                202.0,
                202.0,
                202.0,
                202.0,
                202.0,
                202.0,
                202.0,
                202.0,
                202.0,
                202.0,
                202.0
            ],
            "mean": 201.86666666666667,
            "std": 0.7180219742846005
        },
        "2": {
            "episode_rewards": [
                202.0,
                202.0,
                202.0,
                115.0,
                199.0,
                202.0,
                101.0,
                202.0,
                202.0,
                202.0,
                202.0,
                202.0,
                202.0,
                202.0,
                202.0,
                202.0,
                202.0,
                202.0,
                202.0,
                202.0,
                202.0,
                202.0,
                202.0,
                202.0,
                202.0,
                202.0,
                202.0,
                200.0,
                202.0,
                202.0
            ],
            "mean": 195.56666666666666,
            "std": 23.481458406344547
        },
        "3": {
            "episode_rewards": [
                146.0,
                202.0,
                202.0,
                202.0,
                202.0,
                202.0,
                80.0,
                202.0,
                202.0,
                202.0,
                195.0,
                202.0,
                202.0,
                202.0,
                202.0,
                202.0,
                202.0,
                202.0,
                202.0,
                202.0,
                172.0,
                202.0,
                202.0,
                202.0,
                142.0,
                202.0,
                119.0,
                202.0,
                87.0,
                202.0
            ],
            "mean": 186.23333333333332,
            "std": 34.26629377229012
        },
        "4": {
            "episode_rewards": [
                182.0,
                202.0,
                202.0,
                202.0,
                186.0,
                202.0,
                107.0,
                202.0,
                89.0,
                202.0,
                202.0,
                202.0,
                200.0,
                202.0,
                202.0,
                202.0,
                202.0,
                202.0,
                202.0,
                202.0,
                202.0,
                202.0,
                202.0,
                202.0,
                97.0,
                65.0,
                202.0,
                200.0,
                50.0,
                113.0
            ],
            "mean": 177.63333333333333,
            "std": 46.71365491540515
        },
        "5": {
            "episode_rewards": [
                202.0,
                202.0,
                117.0,
                202.0,
                179.0,
                41.0,
                189.0,
                58.0,
                202.0,
                202.0,
                202.0,
                35.0,
                108.0,
                197.0,
                36.0,
                202.0,
                202.0,
                202.0,
                202.0,
                117.0,
                29.0,
                81.0,
                202.0,
                81.0,
                202.0,
                71.0,
                202.0,
                202.0,
                202.0,
                202.0
            ],
            "mean": 152.36666666666667,
            "std": 65.4672861477819
        },
        "6": {
            "episode_rewards": [
                202.0,
                163.0,
                91.0,
                202.0,
                202.0,
                202.0,
                103.0,
                70.0,
                25.0,
                202.0,
                60.0,
                202.0,
                60.0,
                202.0,
                202.0,
                64.0,
                60.0,
                202.0,
                202.0,
                202.0,
                202.0,
                24.0,
                202.0,
                202.0,
                130.0,
                65.0,
                202.0,
                80.0,
                202.0,
                202.0
            ],
            "mean": 147.63333333333333,
            "std": 66.77848123127356
        },
        "7": {
            "episode_rewards": [
                105.0,
                202.0,
                84.0,
                202.0,
                80.0,
                20.0,
                26.0,
                68.0,
                177.0,
                202.0,
                202.0,
                202.0,
                202.0,
                93.0,
                70.0,
                101.0,
                202.0,
                163.0,
                202.0,
                34.0,
                202.0,
                202.0,
                202.0,
                202.0,
                202.0,
                14.0,
                202.0,
                68.0,
                150.0,
                74.0
            ],
            "mean": 138.5,
            "std": 68.69485667306785
        },
        "8": {
            "episode_rewards": [
                202.0,
                37.0,
                63.0,
                82.0,
                202.0,
                202.0,
                202.0,
                17.0,
                202.0,
                18.0,
                23.0,
                132.0,
                202.0,
                16.0,
                176.0,
                202.0,
                202.0,
                202.0,
                202.0,
                54.0,
                202.0,
                30.0,
                19.0,
                46.0,
                81.0,
                202.0,
                202.0,
                202.0,
                202.0,
                202.0
            ],
            "mean": 134.2,
            "std": 79.01240408948458
        },