{
    "best_model.pt": {
        "in_distribution": {
            "episode_rewards": [
                202.0,
                202.0,
                202.0,
                197.0,
                202.0,
                202.0,
                202.0,
                201.0,
                202.0,
                202.0
            ],
            "mean": 201.4,
            "std": 1.4966629547095762
        },
        "out_of_distribution": {
            "episode_rewards": [
                169.0,
                143.0,
                202.0,
                202.0,
                202.0,
                158.0,
                141.0,
                202.0,
                202.0,
                202.0
            ],
            "mean": 182.3,
            "std": 25.191466809219346
        }
    },
    "best_model_local_0.pt": {
        "in_distribution": {
            "episode_rewards": [
                89.0,
                88.0,
                172.0,
                63.0,
                83.0,
                73.0,
                57.0,
                60.0,
                99.0,
                91.0
            ],
            "mean": 87.5,
            "std": 31.312138221462934
        },
        "out_of_distribution": {
            "episode_rewards": [
                133.0,
                55.0,
                101.0,
                72.0,
                53.0,
                202.0,
                136.0,
                79.0,
                82.0,
                42.0
            ],
            "mean": 95.5,
            "std": 46.620274559466075
        }
    },
    "best_model_local_1000.pt": {
        "in_distribution": {
            "episode_rewards": [
                165.0,
                183.0,
                144.0,
                158.0,
                146.0,
                117.0,
                202.0,
                176.0,
                171.0,
                127.0
            ],
            "mean": 158.9,
            "std": 24.651369130334324
        },
        "out_of_distribution": {
            "episode_rewards": [
                202.0,
                121.0,
                202.0,
                202.0,
                202.0,
                104.0,
                112.0,
                202.0,
                202.0,
                202.0
            ],
            "mean": 175.1,
            "std": 41.26608777192236
        }
    },
    "best_model_local_1500.pt": {
        "in_distribution": {
            "episode_rewards": [
                202.0,
                198.0,
                202.0,
                202.0,
                202.0,
                202.0,
                202.0,
                202.0,
                202.0,
                202.0
            ],
            "mean": 201.6,
            "std": 1.2
        },
        "out_of_distribution": {
            "episode_rewards": [
                202.0,
                164.0,
                163.0,
                202.0,
                202.0,
                156.0,
                202.0,
                202.0,
                174.0,
                173.0
            ],
            "mean": 184.0,
            "std": 18.61719635176038
        }
    },
    "best_model_local_2000.pt": {
        "in_distribution": {
            "episode_rewards": [
                202.0,
                202.0,
                202.0,
                202.0,
                202.0,
                202.0,
                202.0,
                202.0,
                202.0,
                202.0
            ],
            "mean": 202.0,
            "std": 0.0
        },
        "out_of_distribution": {
            "episode_rewards": [
                202.0,
                202.0,
                202.0,
                202.0,
                202.0,
                202.0,
                202.0,
                202.0,
                202.0,
                202.0
            ],
            "mean": 202.0,
            "std": 0.0
        }
    },
    "best_model_local_2500.pt": {
        "in_distribution": {
            "episode_rewards": [
                202.0,
                202.0,
                202.0,
                202.0,
                202.0,
                202.0,
                202.0,
                202.0,
                202.0,
                202.0
            ],
            "mean": 202.0,
            "std": 0.0
        },
        "out_of_distribution": {
            "episode_rewards": [
                202.0,
                202.0,
                202.0,
                202.0,
                202.0,
                202.0,
                202.0,
                202.0,
                202.0,
                202.0
            ],
            "mean": 202.0,
            "std": 0.0
        }
    },
    "best_model_local_3000.pt": {
        "in_distribution": {
            "episode_rewards": [
                202.0,
                202.0,
                202.0,
                202.0,
                202.0,
                202.0,
                202.0,
                202.0,
                202.0,
                202.0
            ],
            "mean": 202.0,
            "std": 0.0
        },
        "out_of_distribution": {
            "episode_rewards": [
                202.0,
                202.0,
                202.0,
                202.0,
                202.0,
                202.0,
                202.0,
                202.0,
                202.0,
                202.0
            ],
            "mean": 202.0,
            "std": 0.0
        }
    },
    "best_model_local_3500.pt": {
        "in_distribution": {
            "episode_rewards": [
                202.0,
                202.0,
                202.0,
                202.0,
                202.0,
                202.0,
                202.0,
                202.0,
                202.0,
                202.0
            ],
            "mean": 202.0,
            "std": 0.0
        },
        "out_of_distribution": {
            "episode_rewards": [
                202.0,
                202.0,
                202.0,
                202.0,
                202.0,
                202.0,
                202.0,
                202.0,
                202.0,
                202.0
            ],
            "mean": 202.0,
            "std": 0.0
        }
    },
    "best_model_local_4000.pt": {
        "in_distribution": {
            "episode_rewards": [
                136.0,
                202.0,
                202.0,
                165.0,
                168.0,
                202.0,
                202.0,
                202.0,
                163.0,
                202.0
            ],
            "mean": 184.4,
            "std": 23.031283073246268
        },
        "out_of_distribution": {
            "episode_rewards": [
                133.0,
                202.0,
                202.0,
                102.0,
                202.0,
                117.0,
                102.0,
                97.0,
                159.0,
                112.0
            ],
            "mean": 142.8,
            "std": 42.32446101251615
        }
    },
    "best_model_local_4500.pt": {
        "in_distribution": {
            "episode_rewards": [
                202.0,
                202.0,
                202.0,
                202.0,
                202.0,
                202.0,
                202.0,
                202.0,
                202.0,
                202.0
            ],
            "mean": 202.0,
            "std": 0.0
        },
        "out_of_distribution": {
            "episode_rewards": [
                202.0,
                202.0,
                202.0,
                202.0,
                202.0,
                202.0,
                202.0,
                202.0,
                202.0,
                202.0
            ],
            "mean": 202.0,
            "std": 0.0
        }
    },