{
    "best_model.pt": {
        "0": {
            "episode_rewards": [
                202.0,
                202.0,
                145.0,
                153.0,
                202.0,
                199.0,
                202.0,
                202.0,
                202.0,
                202.0,
                202.0,
                202.0,
                180.0,
                202.0,
                202.0,
                166.0,
                202.0,
                182.0,
                183.0,
                182.0,
                202.0,
                202.0,
                202.0,
                202.0,
                202.0,
                202.0,
                166.0,
                202.0,
                202.0,
                202.0
            ],
            "mean": 193.26666666666668,
            "std": 15.924683844759858
        },
        "1": {
            "episode_rewards": [
                188.0,
                143.0,
                202.0,
                202.0,
                202.0,
                202.0,
                202.0,
                202.0,
                202.0,
                202.0,
                202.0,
                165.0,
                169.0,
                202.0,
                202.0,
                202.0,
                189.0,
                80.0,
                202.0,
                178.0,
                202.0,
                202.0,
                189.0,
                187.0,
                202.0,
                202.0,
                181.0,
                202.0,
                197.0,
                202.0
            ],
            "mean": 190.13333333333333,
            "std": 24.765208570806656
        },
        "2": {
            "episode_rewards": [
                202.0,
                68.0,
                202.0,
                202.0,
                202.0,
                202.0,
                202.0,
                202.0,
                61.0,
                202.0,
                128.0,
                202.0,
                202.0,
                202.0,
                200.0,
                202.0,
                99.0,
                49.0,
                202.0,
                202.0,
                94.0,
                138.0,
                186.0,
                202.0,
                93.0,
                202.0,
                202.0,
                202.0,
                202.0,
                202.0
            ],
            "mean": 171.86666666666667,
            "std": 50.98740585238235
        },
        "3": {
            "episode_rewards": [
                202.0,
                67.0,
                202.0,
                202.0,
                202.0,
                202.0,
                202.0,
                202.0,
                81.0,
                202.0,
                202.0,
                34.0,
                202.0,
                50.0,
                202.0,
                202.0,
                202.0,
                72.0,
                202.0,
                95.0,
                69.0,
                202.0,
                202.0,
                91.0,
                202.0,
                84.0,
                202.0,
                61.0,
                144.0,
                202.0
            ],
            "mean": 156.2,
            "std": 62.39465789098721
        },
        "4": {
            "episode_rewards": [
                202.0,
                202.0,
                202.0,
                41.0,
                202.0,
                202.0,
                202.0,
                202.0,
                119.0,
                202.0,
                75.0,
                202.0,
                108.0,
                202.0,
                202.0,
                202.0,
                202.0,
                59.0,
                202.0,
                202.0,
                76.0,
                67.0,
                202.0,
                147.0,
                202.0,
                170.0,
                202.0,
                202.0,
                202.0,
                202.0
            ],
            "mean": 170.13333333333333,
            "std": 53.51307213091853
        },
        "5": {
            "episode_rewards": [
                202.0,
                202.0,
                202.0,
                202.0,
                64.0,
                202.0,
                202.0,
                202.0,
                202.0,
                79.0,
                202.0,
                202.0,
                42.0,
                202.0,
                202.0,
                101.0,
                202.0,
                99.0,
                78.0,
                50.0,
                202.0,
                69.0,
                136.0,
                202.0,
                202.0,
                73.0,
                49.0,
                202.0,
                107.0,
                82.0
            ],
            "mean": 148.76666666666668,
            "std": 63.131969362245904
        },
        "6": {
            "episode_rewards": [
                202.0,
                202.0,
                202.0,
                202.0,
                80.0,
                72.0,
                202.0,
                202.0,
                202.0,
                202.0,
                202.0,
                94.0,
                48.0,
                202.0,
                59.0,
                173.0,
                43.0,
                74.0,
                50.0,
                202.0,
                202.0,
                202.0,
                202.0,
                27.0,
                42.0,
                202.0,
                83.0,
                58.0,
                202.0,
                202.0
            ],
            "mean": 144.56666666666666,
            "std": 69.61498082708603
        },
        "7": {
            "episode_rewards": [
                63.0,
                183.0,
                202.0,
                202.0,
                202.0,
                202.0,
                202.0,
                202.0,
                202.0,
                80.0,
                37.0,
                93.0,
                51.0,
                202.0,
                147.0,
                16.0,
                31.0,
                202.0,
                202.0,
                202.0,
                202.0,
                202.0,
                202.0,
                202.0,
                202.0,
                202.0,
                30.0,
                46.0,
                202.0,
                202.0
            ],
            "mean": 153.83333333333334,
            "std": 70.15558107203985
        },
        "8": {
            "episode_rewards": [
                202.0,
                67.0,
                5.0,
                10.0,
                154.0,
                25.0,
                58.0,
                19.0,
                202.0,
                202.0,
                202.0,
                202.0,
                202.0,
                202.0,
                19.0,
                22.0,
                16.0,
                202.0,
                202.0,
                53.0,
                30.0,
                202.0,
                202.0,
                202.0,
                41.0,
                202.0,
                202.0,
                202.0,
                185.0,
                109.0
            ],
            "mean": 128.1,
            "std": 82.67379673552355
        },