{
    "best_model.pt": {
        "0": {
            "episode_rewards": [
                202.0,
                202.0,
                202.0,
                202.0,
                202.0,
                202.0,
                202.0,
                202.0,
                202.0,
                202.0,
                202.0,
                202.0,
                202.0,
                202.0,
                202.0,
                202.0,
                202.0,
                202.0,
                202.0,
                202.0,
                202.0,
                202.0,
                202.0,
                202.0,
                202.0,
                202.0,
                202.0,
                202.0,
                202.0,
                202.0
            ],
            "mean": 202.0,
            "std": 0.0
        },
        "1": {
            "episode_rewards": [
                202.0,
                202.0,
                160.0,
                202.0,
                162.0,
                202.0,
                164.0,
                158.0,
                174.0,
                202.0,
                202.0,
                202.0,
                202.0,
                202.0,
                192.0,
                202.0,
                202.0,
                202.0,
                202.0,
                202.0,
                202.0,
                134.0,
                177.0,
                202.0,
                170.0,
                129.0,
                202.0,
                147.0,
                202.0,
                154.0
            ],
            "mean": 185.23333333333332,
            "std": 23.184309828464208
        },
        "2": {
            "episode_rewards": [
                130.0,
                126.0,
                121.0,
                202.0,
                202.0,
                202.0,
                95.0,
                134.0,
                92.0,
                117.0,
                101.0,
                202.0,
                109.0,
                202.0,
                111.0,
                202.0,
                125.0,
                115.0,
                95.0,
                202.0,
                163.0,
                93.0,
                202.0,
                155.0,
                128.0,
                202.0,
                202.0,
                153.0,
                202.0,
                202.0
            ],
            "mean": 152.9,
            "std": 43.266884950656355
        },
        "3": {
            "episode_rewards": [
                103.0,
                202.0,
                77.0,
                202.0,
                202.0,
                62.0,
                104.0,
                202.0,
                202.0,
                202.0,
                68.0,
                122.0,
                202.0,
                202.0,
                202.0,
                82.0,
                202.0,
                202.0,
                111.0,
                105.0,
                166.0,
                145.0,
                202.0,
                202.0,
                68.0,
                202.0,
                128.0,
                202.0,
                202.0,
                75.0
            ],
            "mean": 154.93333333333334,
            "std": 54.38255439221499
        },
        "4": {
            "episode_rewards": [
                135.0,
                74.0,
                81.0,
                202.0,
                108.0,
                130.0,
                202.0,
                202.0,
                202.0,
                70.0,
                106.0,
                87.0,
                114.0,
                202.0,
                150.0,
                202.0,
                74.0,
                62.0,
                77.0,
                202.0,
                103.0,
                202.0,
                110.0,
                65.0,
                202.0,
                202.0,
                80.0,
                202.0,
                202.0,
                202.0
            ],
            "mean": 141.73333333333332,
            "std": 56.098682892045
        },
        "5": {
            "episode_rewards": [
                103.0,
                202.0,
                105.0,
                69.0,
                202.0,
                117.0,
                62.0,
                69.0,
                202.0,
                118.0,
                202.0,
                70.0,
                73.0,
                202.0,
                159.0,
                202.0,
                47.0,
                202.0,
                63.0,
                202.0,
                202.0,
                202.0,
                99.0,
                202.0,
                66.0,
                202.0,
                202.0,
                202.0,
                202.0,
                202.0
            ],
            "mean": 148.4,
            "std": 60.73033289331892
        },
        "6": {
            "episode_rewards": [
                202.0,
                202.0,
                54.0,
                62.0,
                202.0,
                202.0,
                202.0,
                78.0,
                85.0,
                202.0,
                77.0,
                38.0,
                71.0,
                57.0,
                202.0,
                202.0,
                202.0,
                202.0,
                202.0,
                202.0,
                107.0,
                202.0,
                202.0,
                121.0,
                102.0,
                202.0,
                202.0,
                62.0,
                202.0,
                202.0
            ],
            "mean": 151.66666666666666,
            "std": 63.36630720571374
        },
        "7": {
            "episode_rewards": [
                62.0,
                202.0,
                40.0,
                202.0,
                54.0,
                202.0,
                202.0,
                134.0,
                89.0,
                87.0,
                202.0,
                202.0,
                202.0,
                25.0,
                55.0,
                202.0,
                155.0,
                202.0,
                202.0,
                202.0,
                67.0,
                202.0,
                202.0,
                47.0,
                202.0,
                51.0,
                49.0,
                43.0,
                44.0,
                202.0
            ],
            "mean": 134.4,
            "std": 71.90855303786886
        },
        "8": {
            "episode_rewards": [
                34.0,
                155.0,
                202.0,
                202.0,
                58.0,
                7.0,
                28.0,
                71.0,
                49.0,
                13.0,
                202.0,
                104.0,
                202.0,
                31.0,
                202.0,
                48.0,
                11.0,
                202.0,
                87.0,
                113.0,
                62.0,
                51.0,
                82.0,
                115.0,
                202.0,
                202.0,
                30.0,
                44.0,
                202.0,
                71.0
            ],
            "mean": 102.73333333333333,
            "std": 72.20615547783227
        },