{
    "best_model.pt": {
        "0": {
            "episode_rewards": [
                202.0,
                202.0,
                202.0,
                202.0,
                202.0,
                202.0,
                202.0,
                202.0,
                202.0,
                95.0,
                202.0,
                202.0,
                202.0,
                202.0,
                202.0,
                202.0,
                202.0,
                202.0,
                202.0,
                202.0,
                202.0,
                202.0,
                202.0,
                202.0,
                202.0,
                90.0,
                202.0,
                202.0,
                202.0,
                202.0
            ],
            "mean": 194.7,
            "std": 27.321725177350476
        },
        "1": {
            "episode_rewards": [
                199.0,
                202.0,
                202.0,
                202.0,
                202.0,
                202.0,
                202.0,
                202.0,
                202.0,
                202.0,
                202.0,
                202.0,
                202.0,
                202.0,
                202.0,
                202.0,
                197.0,
                202.0,
                202.0,
                82.0,
                202.0,
                202.0,
                202.0,
                80.0,
                202.0,
                202.0,
                202.0,
                82.0,
                202.0,
                202.0
            ],
            "mean": 189.66666666666666,
            "std": 36.126936703179744
        },
        "2": {
            "episode_rewards": [
                201.0,
                193.0,
                202.0,
                202.0,
                202.0,
                73.0,
                202.0,
                202.0,
                202.0,
                192.0,
                202.0,
                202.0,
                202.0,
                202.0,
                202.0,
                202.0,
                183.0,
                202.0,
                202.0,
                202.0,
                202.0,
                191.0,
                202.0,
                202.0,
                202.0,
                195.0,
                202.0,
                187.0,
                202.0,
                202.0
            ],
            "mean": 195.3,
            "std": 23.26105471956649
        },
        "3": {
            "episode_rewards": [
                202.0,
                202.0,
                135.0,
                202.0,
                202.0,
                195.0,
                200.0,
                202.0,
                202.0,
                202.0,
                202.0,
                202.0,
                201.0,
                202.0,
                202.0,
                183.0,
                202.0,
                202.0,
                202.0,
                202.0,
                202.0,
                202.0,
                202.0,
                74.0,
                202.0,
                68.0,
                202.0,
                202.0,
                202.0,
                168.0
            ],
            "mean": 188.93333333333334,
            "std": 34.29181956223509
        },
        "4": {
            "episode_rewards": [
                202.0,
                202.0,
                202.0,
                148.0,
                202.0,
                196.0,
                112.0,
                171.0,
                202.0,
                171.0,
                202.0,
                88.0,
                202.0,
                202.0,
                202.0,
                189.0,
                202.0,
                157.0,
                202.0,
                202.0,
                202.0,
                202.0,
                202.0,
                202.0,
                202.0,
                62.0,
                202.0,
                202.0,
                177.0,
                202.0
            ],
            "mean": 183.7,
            "std": 35.75019813464908
        },
        "5": {
            "episode_rewards": [
                202.0,
                199.0,
                202.0,
                145.0,
                202.0,
                160.0,
                202.0,
                202.0,
                202.0,
                202.0,
                202.0,
                160.0,
                55.0,
                202.0,
                202.0,
                202.0,
                59.0,
                202.0,
                202.0,
                66.0,
                184.0,
                202.0,
                190.0,
                202.0,
                202.0,
                202.0,
                174.0,
                202.0,
                202.0,
                177.0
            ],
            "mean": 180.23333333333332,
            "std": 42.818752382052836
        },
        "6": {
            "episode_rewards": [
                202.0,
                177.0,
                18.0,
                202.0,
                164.0,
                55.0,
                163.0,
                181.0,
                202.0,
                168.0,
                197.0,
                82.0,
                46.0,
                202.0,
                202.0,
                195.0,
                202.0,
                62.0,
                202.0,
                56.0,
                166.0,
                202.0,
                202.0,
                202.0,
                202.0,
                202.0,
                202.0,
                202.0,
                202.0,
                79.0
            ],
            "mean": 161.3,
            "std": 59.75179216280184
        },
        "7": {
            "episode_rewards": [
                69.0,
                202.0,
                156.0,
                144.0,
                202.0,
                202.0,
                202.0,
                136.0,
                202.0,
                200.0,
                202.0,
                144.0,
                175.0,
                157.0,
                202.0,
                202.0,
                202.0,
                202.0,
                132.0,
                202.0,
                202.0,
                202.0,
                202.0,
                202.0,
                179.0,
                202.0,
                154.0,
                202.0,
                202.0,
                202.0
            ],
            "mean": 182.8,
            "std": 31.79140345019913
        },
        "8": {
            "episode_rewards": [
                202.0,
                202.0,
                202.0,
                124.0,
                187.0,
                166.0,
                202.0,
                202.0,
                93.0,
                202.0,
                7.0,
                88.0,
                149.0,
                202.0,
                5.0,
                202.0,
                142.0,
                201.0,
                128.0,
                202.0,
                16.0,
                202.0,
                202.0,
                202.0,
                117.0,
                61.0,
                202.0,
                202.0,
                202.0,
                202.0
            ],
            "mean": 157.2,
            "std": 63.95123141894925
        },