{
    "best_model.pt": {
        "in_distribution": {
            "episode_rewards": [
                160.0,
                177.0,
                202.0,
                165.0,
                189.0,
                202.0,
                146.0,
                202.0,
                202.0,
                194.0
            ],
            "mean": 183.9,
            "std": 19.623710148695125
        },
        "out_of_distribution": {
            "episode_rewards": [
                202.0,
                186.0,
                137.0,
                167.0,
                154.0,
                202.0,
                202.0,
                108.0,
                130.0,
                161.0
            ],
            "mean": 164.9,
            "std": 31.5387063780365
        }
    },
    "best_model_local_0.pt": {
        "in_distribution": {
            "episode_rewards": [
                161.0,
                191.0,
                202.0,
                202.0,
                202.0,
                202.0,
                202.0,
                183.0,
                202.0,
                202.0
            ],
            "mean": 194.9,
            "std": 12.879829191413993
        },
        "out_of_distribution": {
            "episode_rewards": [
                145.0,
                140.0,
                202.0,
                194.0,
                186.0,
                161.0,
                109.0,
                202.0,
                193.0,
                102.0
            ],
            "mean": 163.4,
            "std": 35.950521553935765
        }
    },
    "best_model_local_1000.pt": {
        "in_distribution": {
            "episode_rewards": [
                202.0,
                202.0,
                202.0,
                202.0,
                202.0,
                202.0,
                202.0,
                202.0,
                202.0,
                202.0
            ],
            "mean": 202.0,
            "std": 0.0
        },
        "out_of_distribution": {
            "episode_rewards": [
                202.0,
                202.0,
                202.0,
                202.0,
                202.0,
                202.0,
                202.0,
                202.0,
                202.0,
                202.0
            ],
            "mean": 202.0,
            "std": 0.0
        }
    },
    "best_model_local_1500.pt": {
        "in_distribution": {
            "episode_rewards": [
                202.0,
                202.0,
                202.0,
                202.0,
                202.0,
                202.0,
                202.0,
                202.0,
                202.0,
                202.0
            ],
            "mean": 202.0,
            "std": 0.0
        },
        "out_of_distribution": {
            "episode_rewards": [
                202.0,
                202.0,
                202.0,
                202.0,
                202.0,
                202.0,
                202.0,
                202.0,
                202.0,
                202.0
            ],
            "mean": 202.0,
            "std": 0.0
        }
    },
    "best_model_local_2000.pt": {
        "in_distribution": {
            "episode_rewards": [
                202.0,
                202.0,
                173.0,
                202.0,
                202.0,
                202.0,
                144.0,
                125.0,
                133.0,
                101.0
            ],
            "mean": 168.6,
            "std": 37.3368450729303
        },
        "out_of_distribution": {
            "episode_rewards": [
                85.0,
                118.0,
                158.0,
                89.0,
                85.0,
                103.0,
                202.0,
                85.0,
                92.0,
                202.0
            ],
            "mean": 121.9,
            "std": 45.35294918745638
        }
    },
    "best_model_local_2500.pt": {
        "in_distribution": {
            "episode_rewards": [
                202.0,
                202.0,
                202.0,
                202.0,
                202.0,
                202.0,
                202.0,
                202.0,
                202.0,
                202.0
            ],
            "mean": 202.0,
            "std": 0.0
        },
        "out_of_distribution": {
            "episode_rewards": [
                155.0,
                202.0,
                202.0,
                153.0,
                202.0,
                202.0,
                152.0,
                140.0,
                202.0,
                202.0
            ],
            "mean": 181.2,
            "std": 25.74412554350992
        }
    },
    "best_model_local_3000.pt": {
        "in_distribution": {
            "episode_rewards": [
                202.0,
                202.0,
                162.0,
                202.0,
                145.0,
                202.0,
                202.0,
                182.0,
                169.0,
                202.0
            ],
            "mean": 187.0,
            "std": 20.21880312976018
        },
        "out_of_distribution": {
            "episode_rewards": [
                202.0,
                123.0,
                90.0,
                202.0,
                202.0,
                202.0,
                202.0,
                90.0,
                198.0,
                202.0
            ],
            "mean": 171.3,
            "std": 46.81890643746391
        }
    },
    "best_model_local_3500.pt": {
        "in_distribution": {
            "episode_rewards": [
                202.0,
                202.0,
                202.0,
                202.0,
                202.0,
                202.0,
                202.0,
                202.0,
                202.0,
                202.0
            ],
            "mean": 202.0,
            "std": 0.0
        },
        "out_of_distribution": {
            "episode_rewards": [
                202.0,
                202.0,
                202.0,
                202.0,
                202.0,
                202.0,
                202.0,
                202.0,
                202.0,
                202.0
            ],
            "mean": 202.0,
            "std": 0.0
        }
    },
    "best_model_local_4000.pt": {
        "in_distribution": {
            "episode_rewards": [
                202.0,
                202.0,
                202.0,
                202.0,
                202.0,
                202.0,
                199.0,
                202.0,
                202.0,
                202.0
            ],
            "mean": 201.7,
            "std": 0.9
        },
        "out_of_distribution": {
            "episode_rewards": [
                202.0,
                31.0,
                202.0,
                31.0,
                125.0,
                33.0,
                76.0,
                202.0,
                89.0,
                126.0
            ],
            "mean": 111.7,
            "std": 67.71417872203723
        }
    },
    "best_model_local_4500.pt": {
        "in_distribution": {
            "episode_rewards": [
                202.0,
                202.0,
                202.0,
                202.0,
                202.0,
                202.0,
                202.0,
                202.0,
                202.0,
                202.0
            ],
            "mean": 202.0,
            "std": 0.0
        },
        "out_of_distribution": {
            "episode_rewards": [
                184.0,
                202.0,
                132.0,
                202.0,
                202.0,
                202.0,
                202.0,
                202.0,
                202.0,
                202.0
            ],
            "mean": 193.2,
            "std": 21.094074997496335
        }
    },