{
    "best_model.pt": {
        "in_distribution": {
            "episode_rewards": [
                202.0,
                202.0,
                202.0,
                202.0,
                202.0,
                202.0,
                202.0,
                202.0,
                202.0,
                202.0
            ],
            "mean": 202.0,
            "std": 0.0
        },
        "out_of_distribution": {
            "episode_rewards": [
                200.0,
                202.0,
                202.0,
                202.0,
                202.0,
                202.0,
                202.0,
                202.0,
                202.0,
                202.0
            ],
            "mean": 201.8,
            "std": 0.6000000000000001
        }
    },
    "best_model_local_0.pt": {
        "in_distribution": {
            "episode_rewards": [
                163.0,
                111.0,
                148.0,
                118.0,
                150.0,
                135.0,
                143.0,
                160.0,
                186.0,
                133.0
            ],
            "mean": 144.7,
            "std": 20.96687864227768
        },
        "out_of_distribution": {
            "episode_rewards": [
                96.0,
                107.0,
                90.0,
                177.0,
                115.0,
                92.0,
                114.0,
                202.0,
                152.0,
                99.0
            ],
            "mean": 124.4,
            "std": 37.059951430081504
        }
    },
    "best_model_local_1000.pt": {
        "in_distribution": {
            "episode_rewards": [
                202.0,
                202.0,
                202.0,
                202.0,
                181.0,
                202.0,
                180.0,
                197.0,
                192.0,
                202.0
            ],
            "mean": 196.2,
            "std": 8.44748483277715
        },
        "out_of_distribution": {
            "episode_rewards": [
                202.0,
                202.0,
                202.0,
                202.0,
                202.0,
                202.0,
                202.0,
                138.0,
                202.0,
                202.0
            ],
            "mean": 195.6,
            "std": 19.2
        }
    },
    "best_model_local_1500.pt": {
        "in_distribution": {
            "episode_rewards": [
                202.0,
                202.0,
                202.0,
                202.0,
                202.0,
                202.0,
                202.0,
                202.0,
                202.0,
                202.0
            ],
            "mean": 202.0,
            "std": 0.0
        },
        "out_of_distribution": {
            "episode_rewards": [
                142.0,
                202.0,
                202.0,
                170.0,
                202.0,
                202.0,
                195.0,
                202.0,
                202.0,
                202.0
            ],
            "mean": 192.1,
            "std": 19.216919628285904
        }
    },
    "best_model_local_2000.pt": {
        "in_distribution": {
            "episode_rewards": [
                202.0,
                202.0,
                202.0,
                202.0,
                202.0,
                202.0,
                194.0,
                202.0,
                202.0,
                161.0
            ],
            "mean": 197.1,
            "std": 12.267436570041845
        },
        "out_of_distribution": {
            "episode_rewards": [
                166.0,
                202.0,
                183.0,
                194.0,
                202.0,
                189.0,
                202.0,
                139.0,
                202.0,
                124.0
            ],
            "mean": 180.3,
            "std": 26.896282270975668
        }
    },
    "best_model_local_2500.pt": {
        "in_distribution": {
            "episode_rewards": [
                202.0,
                202.0,
                202.0,
                202.0,
                202.0,
                202.0,
                202.0,
                202.0,
                202.0,
                202.0
            ],
            "mean": 202.0,
            "std": 0.0
        },
        "out_of_distribution": {
            "episode_rewards": [
                202.0,
                202.0,
                202.0,
                202.0,
                202.0,
                202.0,
                202.0,
                202.0,
                202.0,
                202.0
            ],
            "mean": 202.0,
            "std": 0.0
        }
    },
    "best_model_local_3000.pt": {
        "in_distribution": {
            "episode_rewards": [
                202.0,
                202.0,
                202.0,
                202.0,
                202.0,
                202.0,
                202.0,
                202.0,
                202.0,
                202.0
            ],
            "mean": 202.0,
            "std": 0.0
        },
        "out_of_distribution": {
            "episode_rewards": [
                202.0,
                202.0,
                202.0,
                202.0,
                202.0,
                202.0,
                202.0,
                202.0,
                202.0,
                202.0
            ],
            "mean": 202.0,
            "std": 0.0
        }
    },
    "best_model_local_3500.pt": {
        "in_distribution": {
            "episode_rewards": [
                186.0,
                202.0,
                202.0,
                193.0,
                202.0,
                202.0,
                191.0,
                202.0,
                202.0,
                202.0
            ],
            "mean": 198.4,
            "std": 5.730619512757761
        },
        "out_of_distribution": {
            "episode_rewards": [
                160.0,
                152.0,
                202.0,
                202.0,
                202.0,
                174.0,
                159.0,
                153.0,
                153.0,
                202.0
            ],
            "mean": 175.9,
            "std": 22.106333933965622
        }
    },
    "best_model_local_4000.pt": {
        "in_distribution": {
            "episode_rewards": [
                202.0,
                202.0,
                202.0,
                202.0,
                202.0,
                202.0,
                202.0,
                202.0,
                202.0,
                202.0
            ],
            "mean": 202.0,
            "std": 0.0
        },
        "out_of_distribution": {
            "episode_rewards": [
                173.0,
                179.0,
                202.0,
                202.0,
                202.0,
                202.0,
                172.0,
                202.0,
                202.0,
                158.0
            ],
            "mean": 189.4,
            "std": 16.181470884935027
        }
    },
    "best_model_local_4500.pt": {
        "in_distribution": {
            "episode_rewards": [
                202.0,
                202.0,
                202.0,
                202.0,
                202.0,
                202.0,
                202.0,
                202.0,
                202.0,
                202.0
            ],
            "mean": 202.0,
            "std": 0.0
        },
        "out_of_distribution": {
            "episode_rewards": [
                202.0,
                202.0,
                202.0,
                202.0,
                202.0,
                202.0,
                202.0,
                202.0,
                202.0,
                202.0
            ],
            "mean": 202.0,
            "std": 0.0
        }
    },