{
    "best_model.pt": {
        "0": {
            "episode_rewards": [
                202.0,
                202.0,
                202.0,
                202.0,
                202.0,
                202.0,
                202.0,
                202.0,
                202.0,
                202.0,
                202.0,
                202.0,
                202.0,
                202.0,
                202.0,
                196.0,
                202.0,
                202.0,
                202.0,
                202.0,
                202.0,
                202.0,
                202.0,
                202.0,
                202.0,
                202.0,
                202.0,
                202.0,
                202.0,
                202.0
            ],
            "mean": 201.8,
            "std": 1.0770329614269003
        },
        "1": {
            "episode_rewards": [
                202.0,
                202.0,
                202.0,
                202.0,
                202.0,
                202.0,
                202.0,
                202.0,
                202.0,
                202.0,
                202.0,
                202.0,
                202.0,
                193.0,
                202.0,
                202.0,
                202.0,
                202.0,
                202.0,
                202.0,
                202.0,
                202.0,
                202.0,
                202.0,
                202.0,
                202.0,
                202.0,
                202.0,
                202.0,
                202.0
            ],
            "mean": 201.7,
            "std": 1.615549442140351
        },
        "2": {
            "episode_rewards": [
                202.0,
                202.0,
                202.0,
                202.0,
                202.0,
                202.0,
                202.0,
                202.0,
                196.0,
                179.0,
                202.0,
                202.0,
                202.0,
                202.0,
                202.0,
                202.0,
                202.0,
                202.0,
                202.0,
                202.0,
                202.0,
                202.0,
                202.0,
                202.0,
                202.0,
                202.0,
                202.0,
                202.0,
                202.0,
                202.0
            ],
            "mean": 201.03333333333333,
            "std": 4.230707847262547
        },
        "3": {
            "episode_rewards": [
                202.0,
                202.0,
                202.0,
                202.0,
                202.0,
                202.0,
                179.0,
                202.0,
                202.0,
                202.0,
                202.0,
                202.0,
                198.0,
                196.0,
                202.0,
                202.0,
                202.0,
                200.0,
                202.0,
                202.0,
                202.0,
                202.0,
                202.0,
                202.0,
                202.0,
                202.0,
                185.0,
                202.0,
                202.0,
                202.0
            ],
            "mean": 200.26666666666668,
            "std": 5.111642484455352
        },
        "4": {
            "episode_rewards": [
                202.0,
                202.0,
                202.0,
                202.0,
                202.0,
                202.0,
                167.0,
                150.0,
                202.0,
                167.0,
                147.0,
                202.0,
                202.0,
                202.0,
                202.0,
                202.0,
                202.0,
                202.0,
                141.0,
                168.0,
                202.0,
                200.0,
                202.0,
                202.0,
                97.0,
                197.0,
                202.0,
                202.0,
                202.0,
                178.0
            ],
            "mean": 188.4,
            "std": 25.256814262029692
        },
        "5": {
            "episode_rewards": [
                183.0,
                54.0,
                202.0,
                202.0,
                202.0,
                202.0,
                202.0,
                202.0,
                181.0,
                202.0,
                148.0,
                202.0,
                202.0,
                99.0,
                202.0,
                75.0,
                202.0,
                202.0,
                202.0,
                202.0,
                179.0,
                202.0,
                202.0,
                202.0,
                202.0,
                202.0,
                191.0,
                202.0,
                202.0,
                202.0
            ],
            "mean": 185.13333333333333,
            "std": 38.50344861899458
        },
        "6": {
            "episode_rewards": [
                189.0,
                68.0,
                80.0,
                202.0,
                148.0,
                202.0,
                134.0,
                193.0,
                185.0,
                202.0,
                202.0,
                202.0,
                202.0,
                40.0,
                202.0,
                202.0,
                181.0,
                161.0,
                202.0,
                202.0,
                202.0,
                176.0,
                202.0,
                82.0,
                202.0,
                202.0,
                171.0,
                162.0,
                74.0,
                168.0
            ],
            "mean": 168.0,
            "std": 48.22931335470853
        },
        "7": {
            "episode_rewards": [
                134.0,
                154.0,
                202.0,
                202.0,
                92.0,
                202.0,
                202.0,
                202.0,
                202.0,
                202.0,
                202.0,
                202.0,
                159.0,
                202.0,
                202.0,
                202.0,
                78.0,
                158.0,
                202.0,
                202.0,
                202.0,
                202.0,
                202.0,
                97.0,
                170.0,
                177.0,
                93.0,
                190.0,
                202.0,
                202.0
            ],
            "mean": 178.0,
            "std": 38.99059715709246
        },
        "8": {
            "episode_rewards": [
                202.0,
                18.0,
                202.0,
                202.0,
                138.0,
                202.0,
                202.0,
                179.0,
                202.0,
                202.0,
                202.0,
                202.0,
                101.0,
                202.0,
                125.0,
                202.0,
                42.0,
                202.0,
                202.0,
                202.0,
                202.0,
                202.0,
                202.0,
                152.0,
                202.0,
                64.0,
                202.0,
                52.0,
                175.0,
                202.0
            ],
            "mean": 169.53333333333333,
            "std": 55.785740910100756
        },