{
    "best_model.pt": {
        "0": {
            "episode_rewards": [
                202.0,
                202.0,
                202.0,
                202.0,
                202.0,
                202.0,
                202.0,
                202.0,
                202.0,
                202.0,
                202.0,
                202.0,
                202.0,
                202.0,
                202.0,
                202.0,
                202.0,
                202.0,
                202.0,
                202.0,
                202.0,
                202.0,
                202.0,
                202.0,
                202.0,
                202.0,
                202.0,
                202.0,
                202.0,
                202.0
            ],
            "mean": 202.0,
            "std": 0.0
        },
        "1": {
            "episode_rewards": [
                202.0,
                202.0,
                202.0,
                202.0,
                202.0,
                202.0,
                202.0,
                202.0,
                202.0,
                202.0,
                202.0,
                202.0,
                202.0,
                202.0,
                202.0,
                202.0,
                201.0,
                202.0,
                202.0,
                202.0,
                202.0,
                202.0,
                202.0,
                202.0,
                202.0,
                202.0,
                202.0,
                202.0,
                202.0,
                202.0
            ],
            "mean": 201.96666666666667,
            "std": 0.17950549357115014
        },
        "2": {
            "episode_rewards": [
                202.0,
                202.0,
                202.0,
                202.0,
                202.0,
                199.0,
                202.0,
                202.0,
                202.0,
                202.0,
                201.0,
                202.0,
                202.0,
                202.0,
                202.0,
                202.0,
                202.0,
                202.0,
                202.0,
                202.0,
                191.0,
                202.0,
                202.0,
                202.0,
                202.0,
                202.0,
                202.0,
                202.0,
                202.0,
                202.0
            ],
            "mean": 201.5,
            "std": 2.0289570391377603
        },
        "3": {
            "episode_rewards": [
                202.0,
                202.0,
                202.0,
                190.0,
                186.0,
                202.0,
                202.0,
                202.0,
                202.0,
                202.0,
                202.0,
                202.0,
                202.0,
                177.0,
                202.0,
                197.0,
                202.0,
                202.0,
                202.0,
                202.0,
                202.0,
                202.0,
                202.0,
                202.0,
                202.0,
                202.0,
                201.0,
                202.0,
                202.0,
                202.0
            ],
            "mean": 200.03333333333333,
            "std": 5.582611893688791
        },
        "4": {
            "episode_rewards": [
                202.0,
                170.0,
                202.0,
                174.0,
                202.0,
                163.0,
                202.0,
                176.0,
                173.0,
                160.0,
                189.0,
                202.0,
                202.0,
                156.0,
                190.0,
                202.0,
                202.0,
                185.0,
                202.0,
                202.0,
                202.0,
                202.0,
                202.0,
                202.0,
                202.0,
                202.0,
                170.0,
                157.0,
                202.0,
                202.0
            ],
            "mean": 189.96666666666667,
            "std": 16.3635434901966
        },
        "5": {
            "episode_rewards": [
                202.0,
                202.0,
                202.0,
                202.0,
                202.0,
                202.0,
                183.0,
                160.0,
                171.0,
                202.0,
                202.0,
                169.0,
                202.0,
                202.0,
                142.0,
                183.0,
                202.0,
                202.0,
                202.0,
                162.0,
                173.0,
                202.0,
                126.0,
                202.0,
                202.0,
                202.0,
                202.0,
                161.0,
                202.0,
                202.0
            ],
            "mean": 189.0,
            "std": 20.78781694486781
        },
        "6": {
            "episode_rewards": [
                119.0,
                171.0,
                173.0,
                202.0,
                131.0,
                167.0,
                155.0,
                202.0,
                140.0,
                202.0,
                202.0,
                154.0,
                161.0,
                175.0,
                137.0,
                119.0,
                202.0,
                202.0,
                162.0,
                202.0,
                202.0,
                137.0,
                202.0,
                202.0,
                170.0,
                134.0,
                202.0,
                174.0,
                202.0,
                191.0
            ],
            "mean": 173.13333333333333,
            "std": 28.412125736890737
        },
        "7": {
            "episode_rewards": [
                202.0,
                119.0,
                193.0,
                202.0,
                157.0,
                202.0,
                202.0,
                202.0,
                100.0,
                202.0,
                202.0,
                202.0,
                202.0,
                184.0,
                202.0,
                202.0,
                147.0,
                120.0,
                137.0,
                172.0,
                202.0,
                111.0,
                202.0,
                202.0,
                202.0,
                185.0,
                202.0,
                121.0,
                110.0,
                110.0
            ],
            "mean": 173.26666666666668,
            "std": 37.366592328204376
        },
        "8": {
            "episode_rewards": [
                202.0,
                202.0,
                202.0,
                101.0,
                110.0,
                202.0,
                202.0,
                81.0,
                202.0,
                202.0,
                139.0,
                202.0,
                159.0,
                123.0,
                202.0,
                202.0,
                202.0,
                202.0,
                132.0,
                123.0,
                162.0,
                202.0,
                202.0,
                202.0,
                202.0,
                202.0,
                141.0,
                202.0,
                200.0,
                202.0
            ],
            "mean": 176.96666666666667,
            "std": 37.873018833406405
        },