{
    "best_model.pt": {
        "0": {
            "episode_rewards": [
                202.0,
                202.0,
                202.0,
                202.0,
                202.0,
                202.0,
                201.0,
                201.0,
                202.0,
                202.0,
                202.0,
                202.0,
                202.0,
                202.0,
                202.0,
                202.0,
                202.0,
                202.0,
                202.0,
                202.0,
                202.0,
                202.0,
                202.0,
                202.0,
                202.0,
                193.0,
                202.0,
                202.0,
                183.0,
                202.0
            ],
            "mean": 201.0,
            "std": 3.714835124201342
        },
        "1": {
            "episode_rewards": [
                202.0,
                202.0,
                202.0,
                181.0,
                202.0,
                185.0,
                202.0,
                202.0,
                202.0,
                202.0,
                183.0,
                202.0,
                202.0,
                173.0,
                202.0,
                202.0,
                178.0,
                190.0,
                202.0,
                202.0,
                202.0,
                163.0,
                202.0,
                202.0,
                202.0,
                199.0,
                199.0,
                202.0,
                202.0,
                179.0
            ],
            "mean": 195.66666666666666,
            "std": 10.826921179274477
        },
        "2": {
            "episode_rewards": [
                202.0,
                202.0,
                133.0,
                202.0,
                187.0,
                161.0,
                143.0,
                153.0,
                160.0,
                202.0,
                189.0,
                202.0,
                171.0,
                202.0,
                172.0,
                202.0,
                165.0,
                202.0,
                176.0,
                155.0,
                202.0,
                202.0,
                159.0,
                202.0,
                178.0,
                202.0,
                154.0,
                176.0,
                144.0,
                202.0
            ],
            "mean": 180.06666666666666,
            "std": 22.31133244688796
        },
        "3": {
            "episode_rewards": [
                169.0,
                202.0,
                124.0,
                175.0,
                143.0,
                172.0,
                202.0,
                162.0,
                202.0,
                202.0,
                202.0,
                180.0,
                165.0,
                202.0,
                162.0,
                202.0,
                202.0,
                134.0,
                153.0,
                202.0,
                202.0,
                144.0,
                202.0,
                202.0,
                202.0,
                121.0,
                202.0,
                159.0,
                202.0,
                167.0
            ],
            "mean": 178.66666666666666,
            "std": 26.474306202219708
        },
        "4": {
            "episode_rewards": [
                202.0,
                184.0,
                114.0,
                123.0,
                202.0,
                171.0,
                122.0,
                129.0,
                120.0,
                169.0,
                202.0,
                121.0,
                202.0,
                180.0,
                202.0,
                202.0,
                157.0,
                202.0,
                202.0,
                202.0,
                202.0,
                108.0,
                202.0,
                202.0,
                202.0,
                118.0,
                158.0,
                202.0,
                157.0,
                202.0
            ],
            "mean": 172.03333333333333,
            "std": 35.021406152364705
        },
        "5": {
            "episode_rewards": [
                96.0,
                202.0,
                165.0,
                124.0,
                159.0,
                202.0,
                150.0,
                95.0,
                162.0,
                202.0,
                168.0,
                202.0,
                202.0,
                202.0,
                128.0,
                202.0,
                110.0,
                121.0,
                139.0,
                164.0,
                129.0,
                202.0,
                202.0,
                202.0,
                118.0,
                141.0,
                202.0,
                155.0,
                165.0,
                104.0
            ],
            "mean": 160.5,
            "std": 36.96011363618894
        },
        "6": {
            "episode_rewards": [
                174.0,
                202.0,
                202.0,
                202.0,
                202.0,
                202.0,
                135.0,
                202.0,
                116.0,
                202.0,
                146.0,
                202.0,
                202.0,
                86.0,
                202.0,
                202.0,
                115.0,
                119.0,
                202.0,
                84.0,
                202.0,
                121.0,
                105.0,
                119.0,
                123.0,
                202.0,
                202.0,
                135.0,
                131.0,
                202.0
            ],
            "mean": 164.7,
            "std": 42.63578309354714
        },
        "7": {
            "episode_rewards": [
                202.0,
                202.0,
                116.0,
                114.0,
                114.0,
                133.0,
                88.0,
                202.0,
                165.0,
                132.0,
                202.0,
                202.0,
                142.0,
                202.0,
                202.0,
                166.0,
                202.0,
                135.0,
                97.0,
                94.0,
                111.0,
                202.0,
                120.0,
                162.0,
                202.0,
                125.0,
                98.0,
                202.0,
                107.0,
                137.0
            ],
            "mean": 152.6,
            "std": 41.78245245714202
        },
        "8": {
            "episode_rewards": [
                202.0,
                117.0,
                10.0,
                86.0,
                105.0,
                173.0,
                202.0,
                100.0,
                100.0,
                73.0,
                108.0,
                202.0,
                126.0,
                108.0,
                144.0,
                82.0,
                138.0,
                202.0,
                202.0,
                127.0,
                166.0,
                202.0,
                202.0,
                139.0,
                86.0,
                84.0,
                107.0,
                152.0,
                104.0,
                144.0
            ],
            "mean": 133.1,
            "std": 48.61368120190036
        },