{
    "best_model.pt": {
        "in_distribution": {
            "episode_rewards": [
                116.0,
                202.0,
                164.0,
                201.0,
                202.0,
                160.0,
                192.0,
                183.0,
                202.0,
                202.0
            ],
            "mean": 182.4,
            "std": 26.878243990260973
        },
        "out_of_distribution": {
            "episode_rewards": [
                202.0,
                202.0,
                202.0,
                101.0,
                202.0,
                202.0,
                202.0,
                202.0,
                123.0,
                147.0
            ],
            "mean": 178.5,
            "std": 37.34233522424649
        }
    },
    "best_model_local_0.pt": {
        "in_distribution": {
            "episode_rewards": [
                12.0,
                9.0,
                13.0,
                8.0,
                10.0,
                8.0,
                8.0,
                10.0,
                9.0,
                13.0
            ],
            "mean": 10.0,
            "std": 1.8973665961010275
        },
        "out_of_distribution": {
            "episode_rewards": [
                12.0,
                13.0,
                10.0,
                9.0,
                8.0,
                12.0,
                8.0,
                8.0,
                10.0,
                12.0
            ],
            "mean": 10.2,
            "std": 1.8330302779823362
        }
    },
    "best_model_local_1000.pt": {
        "in_distribution": {
            "episode_rewards": [
                84.0,
                77.0,
                164.0,
                69.0,
                84.0,
                85.0,
                67.0,
                103.0,
                65.0,
                106.0
            ],
            "mean": 90.4,
            "std": 27.85749450327506
        },
        "out_of_distribution": {
            "episode_rewards": [
                52.0,
                114.0,
                52.0,
                55.0,
                61.0,
                133.0,
                76.0,
                202.0,
                52.0,
                167.0
            ],
            "mean": 96.4,
            "std": 52.04075326126631
        }
    },
    "best_model_local_1500.pt": {
        "in_distribution": {
            "episode_rewards": [
                143.0,
                169.0,
                177.0,
                142.0,
                174.0,
                202.0,
                172.0,
                144.0,
                166.0,
                149.0
            ],
            "mean": 163.8,
            "std": 18.31829686406463
        },
        "out_of_distribution": {
            "episode_rewards": [
                202.0,
                111.0,
                202.0,
                202.0,
                107.0,
                123.0,
                143.0,
                127.0,
                202.0,
                154.0
            ],
            "mean": 157.3,
            "std": 38.698966394465884
        }
    },
    "best_model_local_2000.pt": {
        "in_distribution": {
            "episode_rewards": [
                160.0,
                202.0,
                202.0,
                187.0,
                138.0,
                183.0,
                202.0,
                168.0,
                138.0,
                201.0
            ],
            "mean": 178.1,
            "std": 24.46814255312405
        },
        "out_of_distribution": {
            "episode_rewards": [
                202.0,
                158.0,
                202.0,
                121.0,
                170.0,
                94.0,
                202.0,
                151.0,
                202.0,
                202.0
            ],
            "mean": 170.4,
            "std": 37.14888962001422
        }
    },
    "best_model_local_2500.pt": {
        "in_distribution": {
            "episode_rewards": [
                94.0,
                120.0,
                202.0,
                109.0,
                202.0,
                166.0,
                89.0,
                202.0,
                88.0,
                91.0
            ],
            "mean": 136.3,
            "std": 48.22250511949789
        },
        "out_of_distribution": {
            "episode_rewards": [
                57.0,
                55.0,
                202.0,
                171.0,
                75.0,
                65.0,
                76.0,
                100.0,
                133.0,
                202.0
            ],
            "mean": 113.6,
            "std": 56.025351404520435
        }
    },
    "best_model_local_3000.pt": {
        "in_distribution": {
            "episode_rewards": [
                202.0,
                202.0,
                202.0,
                202.0,
                202.0,
                193.0,
                202.0,
                202.0,
                202.0,
                202.0
            ],
            "mean": 201.1,
            "std": 2.7
        },
        "out_of_distribution": {
            "episode_rewards": [
                202.0,
                178.0,
                193.0,
                202.0,
                202.0,
                163.0,
                202.0,
                202.0,
                202.0,
                202.0
            ],
            "mean": 194.8,
            "std": 12.882546332150334
        }
    },
    "best_model_local_3500.pt": {
        "in_distribution": {
            "episode_rewards": [
                202.0,
                202.0,
                202.0,
                202.0,
                202.0,
                202.0,
                202.0,
                202.0,
                202.0,
                165.0
            ],
            "mean": 198.3,
            "std": 11.1
        },
        "out_of_distribution": {
            "episode_rewards": [
                202.0,
                202.0,
                202.0,
                202.0,
                202.0,
                202.0,
                202.0,
                202.0,
                171.0,
                202.0
            ],
            "mean": 198.9,
            "std": 9.299999999999999
        }
    },
    "best_model_local_4000.pt": {
        "in_distribution": {
            "episode_rewards": [
                202.0,
                202.0,
                202.0,
                202.0,
                202.0,
                202.0,
                202.0,
                202.0,
                202.0,
                202.0
            ],
            "mean": 202.0,
            "std": 0.0
        },
        "out_of_distribution": {
            "episode_rewards": [
                170.0,
                202.0,
                202.0,
                202.0,
                202.0,
                174.0,
                202.0,
                202.0,
                202.0,
                169.0
            ],
            "mean": 192.7,
            "std": 14.255174499107333
        }
    },
    "best_model_local_4500.pt": {
        "in_distribution": {
            "episode_rewards": [
                202.0,
                202.0,
                202.0,
                202.0,
                202.0,
                202.0,
                202.0,
                202.0,
                202.0,
                202.0
            ],
            "mean": 202.0,
            "std": 0.0
        },
        "out_of_distribution": {
            "episode_rewards": [
                202.0,
                158.0,
                175.0,
                202.0,
                202.0,
                169.0,
                200.0,
                156.0,
                175.0,
                202.0
            ],
            "mean": 184.1,
            "std": 18.436105879496353
        }
    },