{
    "best_model.pt": {
        "0": {
            "episode_rewards": [
                202.0,
                195.0,
                202.0,
                202.0,
                202.0,
                202.0,
                202.0,
                202.0,
                202.0,
                202.0,
                99.0,
                202.0,
                202.0,
                202.0,
                202.0,
                202.0,
                178.0,
                65.0,
                202.0,
                202.0,
                192.0,
                90.0,
                82.0,
                202.0,
                201.0,
                178.0,
                202.0,
                202.0,
                197.0,
                179.0
            ],
            "mean": 183.13333333333333,
            "std": 39.79089789833292
        },
        "1": {
            "episode_rewards": [
                193.0,
                83.0,
                187.0,
                190.0,
                194.0,
                202.0,
                80.0,
                202.0,
                202.0,
                83.0,
                137.0,
                91.0,
                202.0,
                202.0,
                202.0,
                202.0,
                191.0,
                202.0,
                202.0,
                197.0,
                68.0,
                202.0,
                177.0,
                202.0,
                134.0,
                202.0,
                202.0,
                202.0,
                202.0,
                202.0
            ],
            "mean": 174.56666666666666,
            "std": 45.10704552013527
        },
        "2": {
            "episode_rewards": [
                202.0,
                202.0,
                202.0,
                128.0,
                138.0,
                202.0,
                183.0,
                202.0,
                202.0,
                78.0,
                202.0,
                103.0,
                202.0,
                185.0,
                202.0,
                202.0,
                202.0,
                90.0,
                178.0,
                167.0,
                202.0,
                177.0,
                178.0,
                183.0,
                67.0,
                202.0,
                202.0,
                165.0,
                202.0,
                202.0
            ],
            "mean": 175.06666666666666,
            "std": 40.47133416245243
        },
        "3": {
            "episode_rewards": [
                151.0,
                106.0,
                120.0,
                112.0,
                92.0,
                202.0,
                98.0,
                81.0,
                93.0,
                202.0,
                86.0,
                102.0,
                202.0,
                49.0,
                202.0,
                202.0,
                179.0,
                165.0,
                202.0,
                202.0,
                202.0,
                202.0,
                132.0,
                202.0,
                202.0,
                55.0,
                202.0,
                202.0,
                67.0,
                176.0
            ],
            "mean": 149.66666666666666,
            "std": 54.18753444187038
        },
        "4": {
            "episode_rewards": [
                98.0,
                202.0,
                202.0,
                147.0,
                99.0,
                147.0,
                202.0,
                202.0,
                80.0,
                202.0,
                202.0,
                202.0,
                54.0,
                202.0,
                202.0,
                202.0,
                86.0,
                202.0,
                128.0,
                97.0,
                160.0,
                202.0,
                58.0,
                202.0,
                141.0,
                126.0,
                113.0,
                202.0,
                163.0,
                128.0
            ],
            "mean": 155.1,
            "std": 50.048876111257485
        },
        "5": {
            "episode_rewards": [
                87.0,
                149.0,
                191.0,
                202.0,
                202.0,
                202.0,
                202.0,
                200.0,
                202.0,
                202.0,
                192.0,
                202.0,
                202.0,
                39.0,
                202.0,
                202.0,
                202.0,
                81.0,
                92.0,
                165.0,
                202.0,
                167.0,
                74.0,
                202.0,
                202.0,
                134.0,
                155.0,
                202.0,
                202.0,
                145.0
            ],
            "mean": 170.1,
            "std": 47.644761866687226
        },
        "6": {
            "episode_rewards": [
                202.0,
                106.0,
                55.0,
                190.0,
                202.0,
                96.0,
                202.0,
                202.0,
                202.0,
                61.0,
                202.0,
                152.0,
                161.0,
                50.0,
                153.0,
                202.0,
                202.0,
                176.0,
                54.0,
                152.0,
                202.0,
                202.0,
                126.0,
                80.0,
                202.0,
                202.0,
                202.0,
                202.0,
                202.0,
                144.0
            ],
            "mean": 159.53333333333333,
            "std": 53.781492066405974
        },
        "7": {
            "episode_rewards": [
                202.0,
                202.0,
                124.0,
                182.0,
                123.0,
                202.0,
                67.0,
                103.0,
                202.0,
                101.0,
                161.0,
                108.0,
                185.0,
                68.0,
                202.0,
                154.0,
                202.0,
                141.0,
                202.0,
                202.0,
                52.0,
                101.0,
                72.0,
                121.0,
                142.0,
                202.0,
                146.0,
                199.0,
                202.0,
                202.0
            ],
            "mean": 152.4,
            "std": 49.9470386175864
        },
        "8": {
            "episode_rewards": [
                26.0,
                116.0,
                140.0,
                202.0,
                202.0,
                108.0,
                159.0,
                202.0,
                202.0,
                202.0,
                202.0,
                182.0,
                147.0,
                56.0,
                202.0,
                202.0,
                202.0,
                202.0,
                202.0,
                62.0,
                47.0,
                88.0,
                202.0,
                157.0,
                138.0,
                202.0,
                202.0,
                61.0,
                141.0,
                202.0
            ],
            "mean": 155.26666666666668,
            "std": 57.29044907797072
        },