{
    "best_model.pt": {
        "0": {
            "episode_rewards": [
                202.0,
                202.0,
                202.0,
                202.0,
                202.0,
                202.0,
                202.0,
                202.0,
                202.0,
                202.0,
                202.0,
                202.0,
                202.0,
                202.0,
                202.0,
                202.0,
                202.0,
                202.0,
                202.0,
                202.0,
                202.0,
                202.0,
                202.0,
                202.0,
                202.0,
                202.0,
                202.0,
                202.0,
                202.0,
                202.0
            ],
            "mean": 202.0,
            "std": 0.0
        },
        "1": {
            "episode_rewards": [
                202.0,
                202.0,
                202.0,
                15.0,
                202.0,
                202.0,
                202.0,
                202.0,
                202.0,
                202.0,
                202.0,
                202.0,
                202.0,
                202.0,
                202.0,
                202.0,
                202.0,
                202.0,
                202.0,
                202.0,
                202.0,
                202.0,
                202.0,
                202.0,
                202.0,
                202.0,
                202.0,
                202.0,
                202.0,
                202.0
            ],
            "mean": 195.76666666666668,
            "std": 33.56752729780507
        },
        "2": {
            "episode_rewards": [
                202.0,
                202.0,
                202.0,
                202.0,
                202.0,
                202.0,
                202.0,
                202.0,
                202.0,
                202.0,
                202.0,
                202.0,
                202.0,
                202.0,
                202.0,
                11.0,
                202.0,
                202.0,
                202.0,
                202.0,
                202.0,
                202.0,
                202.0,
                202.0,
                202.0,
                202.0,
                202.0,
                202.0,
                202.0,
                202.0
            ],
            "mean": 195.63333333333333,
            "std": 34.28554927208967
        },
        "3": {
            "episode_rewards": [
                145.0,
                202.0,
                202.0,
                202.0,
                202.0,
                202.0,
                202.0,
                202.0,
                183.0,
                202.0,
                202.0,
                123.0,
                202.0,
                202.0,
                202.0,
                202.0,
                202.0,
                10.0,
                202.0,
                202.0,
                202.0,
                108.0,
                202.0,
                202.0,
                12.0,
                202.0,
                202.0,
                202.0,
                202.0,
                202.0
            ],
            "mean": 180.96666666666667,
            "std": 51.11391417434419
        },
        "4": {
            "episode_rewards": [
                202.0,
                202.0,
                202.0,
                202.0,
                143.0,
                202.0,
                202.0,
                202.0,
                11.0,
                202.0,
                202.0,
                202.0,
                120.0,
                202.0,
                202.0,
                202.0,
                202.0,
                202.0,
                10.0,
                202.0,
                202.0,
                101.0,
                202.0,
                12.0,
                202.0,
                202.0,
                13.0,
                10.0,
                202.0,
                202.0
            ],
            "mean": 162.13333333333333,
            "std": 71.82280665328776
        },
        "5": {
            "episode_rewards": [
                202.0,
                103.0,
                9.0,
                202.0,
                202.0,
                91.0,
                202.0,
                202.0,
                202.0,
                202.0,
                12.0,
                202.0,
                110.0,
                202.0,
                202.0,
                202.0,
                202.0,
                15.0,
                202.0,
                202.0,
                202.0,
                94.0,
                196.0,
                202.0,
                202.0,
                202.0,
                202.0,
                202.0,
                202.0,
                105.0
            ],
            "mean": 165.9,
            "std": 63.48666526654765
        },
        "6": {
            "episode_rewards": [
                202.0,
                75.0,
                94.0,
                202.0,
                202.0,
                202.0,
                202.0,
                121.0,
                9.0,
                202.0,
                13.0,
                202.0,
                12.0,
                13.0,
                143.0,
                88.0,
                202.0,
                202.0,
                202.0,
                9.0,
                9.0,
                202.0,
                7.0,
                202.0,
                202.0,
                11.0,
                12.0,
                116.0,
                202.0,
                12.0
            ],
            "mean": 119.06666666666666,
            "std": 85.22203679539439
        },
        "7": {
            "episode_rewards": [
                40.0,
                202.0,
                10.0,
                149.0,
                10.0,
                31.0,
                202.0,
                94.0,
                202.0,
                202.0,
                202.0,
                9.0,
                12.0,
                202.0,
                7.0,
                8.0,
                12.0,
                10.0,
                202.0,
                202.0,
                202.0,
                9.0,
                83.0,
                202.0,
                202.0,
                9.0,
                7.0,
                11.0,
                98.0,
                11.0
            ],
            "mean": 94.73333333333333,
            "std": 87.73784182944603
        },
        "8": {
            "episode_rewards": [
                62.0,
                202.0,
                202.0,
                12.0,
                202.0,
                202.0,
                9.0,
                82.0,
                78.0,
                202.0,
                12.0,
                10.0,
                202.0,
                202.0,
                46.0,
                202.0,
                202.0,
                44.0,
                202.0,
                202.0,
                202.0,
                10.0,
                64.0,
                202.0,
                202.0,
                33.0,
                7.0,
                202.0,
                202.0,
                202.0
            ],
            "mean": 130.1,
            "std": 84.14168606186432
        },