{
    "best_model.pt": {
        "in_distribution": {
            "episode_rewards": [
                202.0,
                202.0,
                202.0,
                202.0,
                201.0,
                202.0,
                202.0,
                202.0,
                202.0,
                202.0
            ],
            "mean": 201.9,
            "std": 0.30000000000000004
        },
        "out_of_distribution": {
            "episode_rewards": [
                202.0,
                202.0,
                202.0,
                202.0,
                202.0,
                202.0,
                202.0,
                202.0,
                202.0,
                147.0
            ],
            "mean": 196.5,
            "std": 16.5
        }
    },
    "best_model_local_0.pt": {
        "in_distribution": {
            "episode_rewards": [
                86.0,
                104.0,
                96.0,
                85.0,
                92.0,
                102.0,
                88.0,
                96.0,
                128.0,
                106.0
            ],
            "mean": 98.3,
            "std": 12.133012816279392
        },
        "out_of_distribution": {
            "episode_rewards": [
                151.0,
                117.0,
                116.0,
                97.0,
                115.0,
                159.0,
                120.0,
                124.0,
                78.0,
                110.0
            ],
            "mean": 118.7,
            "std": 22.19031320193566
        }
    },
    "best_model_local_1000.pt": {
        "in_distribution": {
            "episode_rewards": [
                202.0,
                202.0,
                202.0,
                202.0,
                202.0,
                202.0,
                202.0,
                202.0,
                202.0,
                202.0
            ],
            "mean": 202.0,
            "std": 0.0
        },
        "out_of_distribution": {
            "episode_rewards": [
                202.0,
                202.0,
                202.0,
                202.0,
                202.0,
                202.0,
                202.0,
                202.0,
                202.0,
                202.0
            ],
            "mean": 202.0,
            "std": 0.0
        }
    },
    "best_model_local_1500.pt": {
        "in_distribution": {
            "episode_rewards": [
                202.0,
                202.0,
                202.0,
                202.0,
                202.0,
                202.0,
                202.0,
                202.0,
                202.0,
                202.0
            ],
            "mean": 202.0,
            "std": 0.0
        },
        "out_of_distribution": {
            "episode_rewards": [
                202.0,
                202.0,
                202.0,
                202.0,
                202.0,
                202.0,
                202.0,
                202.0,
                202.0,
                202.0
            ],
            "mean": 202.0,
            "std": 0.0
        }
    },
    "best_model_local_2000.pt": {
        "in_distribution": {
            "episode_rewards": [
                141.0,
                190.0,
                191.0,
                202.0,
                202.0,
                185.0,
                202.0,
                202.0,
                193.0,
                202.0
            ],
            "mean": 191.0,
            "std": 17.73696704625681
        },
        "out_of_distribution": {
            "episode_rewards": [
                202.0,
                175.0,
                202.0,
                202.0,
                202.0,
                202.0,
                202.0,
                202.0,
                145.0,
                182.0
            ],
            "mean": 191.6,
            "std": 18.155990746858183
        }
    },
    "best_model_local_2500.pt": {
        "in_distribution": {
            "episode_rewards": [
                202.0,
                202.0,
                202.0,
                202.0,
                202.0,
                202.0,
                202.0,
                202.0,
                202.0,
                202.0
            ],
            "mean": 202.0,
            "std": 0.0
        },
        "out_of_distribution": {
            "episode_rewards": [
                202.0,
                78.0,
                151.0,
                202.0,
                202.0,
                202.0,
                71.0,
                66.0,
                202.0,
                79.0
            ],
            "mean": 145.5,
            "std": 60.69637550958047
        }
    },
    "best_model_local_3000.pt": {
        "in_distribution": {
            "episode_rewards": [
                202.0,
                202.0,
                194.0,
                202.0,
                202.0,
                202.0,
                202.0,
                202.0,
                202.0,
                202.0
            ],
            "mean": 201.2,
            "std": 2.4
        },
        "out_of_distribution": {
            "episode_rewards": [
                202.0,
                202.0,
                191.0,
                202.0,
                202.0,
                202.0,
                202.0,
                198.0,
                202.0,
                202.0
            ],
            "mean": 200.5,
            "std": 3.383784863137726
        }
    },
    "best_model_local_3500.pt": {
        "in_distribution": {
            "episode_rewards": [
                202.0,
                202.0,
                202.0,
                202.0,
                202.0,
                202.0,
                202.0,
                202.0,
                202.0,
                202.0
            ],
            "mean": 202.0,
            "std": 0.0
        },
        "out_of_distribution": {
            "episode_rewards": [
                202.0,
                202.0,
                202.0,
                202.0,
                197.0,
                202.0,
                202.0,
                202.0,
                202.0,
                202.0
            ],
            "mean": 201.5,
            "std": 1.5
        }
    },
    "best_model_local_4000.pt": {
        "in_distribution": {
            "episode_rewards": [
                197.0,
                173.0,
                202.0,
                202.0,
                202.0,
                202.0,
                202.0,
                202.0,
                202.0,
                202.0
            ],
            "mean": 198.6,
            "std": 8.662563131083086
        },
        "out_of_distribution": {
            "episode_rewards": [
                202.0,
                202.0,
                202.0,
                202.0,
                202.0,
                202.0,
                202.0,
                162.0,
                202.0,
                202.0
            ],
            "mean": 198.0,
            "std": 12.0
        }
    },
    "best_model_local_4500.pt": {
        "in_distribution": {
            "episode_rewards": [
                202.0,
                202.0,
                202.0,
                202.0,
                202.0,
                202.0,
                202.0,
                202.0,
                202.0,
                202.0
            ],
            "mean": 202.0,
            "std": 0.0
        },
        "out_of_distribution": {
            "episode_rewards": [
                202.0,
                202.0,
                202.0,
                202.0,
                202.0,
                202.0,
                202.0,
                202.0,
                202.0,
                202.0
            ],
            "mean": 202.0,
            "std": 0.0
        }
    },