{
    "best_model.pt": {
        "0": {
            "episode_rewards": [
                202.0,
                158.0,
                202.0,
                202.0,
                189.0,
                202.0,
                202.0,
                172.0,
                202.0,
                202.0,
                202.0,
                202.0,
                202.0,
                202.0,
                136.0,
                163.0,
                202.0,
                202.0,
                202.0,
                175.0,
                144.0,
                202.0,
                181.0,
                202.0,
                202.0,
                202.0,
                202.0,
                202.0,
                202.0,
                190.0
            ],
            "mean": 191.66666666666666,
            "std": 18.58015667916237
        },
        "1": {
            "episode_rewards": [
                202.0,
                202.0,
                202.0,
                202.0,
                202.0,
                202.0,
                138.0,
                202.0,
                202.0,
                184.0,
                120.0,
                202.0,
                202.0,
                117.0,
                202.0,
                202.0,
                113.0,
                202.0,
                145.0,
                202.0,
                202.0,
                202.0,
                202.0,
                202.0,
                136.0,
                202.0,
                202.0,
                202.0,
                202.0,
                190.0
            ],
            "mean": 186.23333333333332,
            "std": 29.766517356848375
        },
        "2": {
            "episode_rewards": [
                166.0,
                117.0,
                202.0,
                202.0,
                202.0,
                154.0,
                202.0,
                202.0,
                202.0,
                202.0,
                202.0,
                202.0,
                202.0,
                202.0,
                202.0,
                202.0,
                202.0,
                202.0,
                113.0,
                163.0,
                151.0,
                202.0,
                202.0,
                202.0,
                202.0,
                202.0,
                129.0,
                198.0,
                202.0,
                202.0
            ],
            "mean": 187.83333333333334,
            "std": 27.198141276360946
        },
        "3": {
            "episode_rewards": [
                202.0,
                202.0,
                202.0,
                143.0,
                202.0,
                202.0,
                202.0,
                158.0,
                202.0,
                202.0,
                202.0,
                126.0,
                202.0,
                202.0,
                202.0,
                202.0,
                202.0,
                159.0,
                202.0,
                202.0,
                202.0,
                202.0,
                177.0,
                202.0,
                202.0,
                142.0,
                202.0,
                202.0,
                199.0,
                202.0
            ],
            "mean": 191.66666666666666,
            "std": 21.658459984239155
        },
        "4": {
            "episode_rewards": [
                164.0,
                193.0,
                202.0,
                103.0,
                202.0,
                107.0,
                202.0,
                202.0,
                202.0,
                202.0,
                195.0,
                202.0,
                202.0,
                202.0,
                111.0,
                202.0,
                202.0,
                202.0,
                202.0,
                202.0,
                202.0,
                202.0,
                202.0,
                184.0,
                202.0,
                202.0,
                202.0,
                202.0,
                202.0,
                202.0
            ],
            "mean": 190.1,
            "std": 28.726700703932803
        },
        "5": {
            "episode_rewards": [
                202.0,
                149.0,
                202.0,
                202.0,
                202.0,
                162.0,
                141.0,
                202.0,
                164.0,
                202.0,
                202.0,
                168.0,
                202.0,
                167.0,
                202.0,
                124.0,
                202.0,
                202.0,
                202.0,
                202.0,
                133.0,
                202.0,
                202.0,
                202.0,
                110.0,
                202.0,
                202.0,
                202.0,
                202.0,
                202.0
            ],
            "mean": 185.33333333333334,
            "std": 27.646980948298054
        },
        "6": {
            "episode_rewards": [
                107.0,
                130.0,
                202.0,
                202.0,
                202.0,
                202.0,
                202.0,
                122.0,
                121.0,
                119.0,
                99.0,
                202.0,
                202.0,
                202.0,
                202.0,
                202.0,
                154.0,
                202.0,
                113.0,
                92.0,
                123.0,
                202.0,
                202.0,
                99.0,
                182.0,
                202.0,
                159.0,
                167.0,
                148.0,
                202.0
            ],
            "mean": 165.5,
            "std": 40.93307546064266
        },
        "7": {
            "episode_rewards": [
                191.0,
                164.0,
                202.0,
                202.0,
                78.0,
                202.0,
                202.0,
                87.0,
                111.0,
                202.0,
                131.0,
                202.0,
                202.0,
                163.0,
                202.0,
                83.0,
                202.0,
                202.0,
                202.0,
                111.0,
                98.0,
                153.0,
                159.0,
                82.0,
                113.0,
                175.0,
                128.0,
                118.0,
                108.0,
                202.0
            ],
            "mean": 155.9,
            "std": 45.89070348846994
        },
        "8": {
            "episode_rewards": [
                202.0,
                202.0,
                202.0,
                147.0,
                14.0,
                131.0,
                202.0,
                106.0,
                177.0,
                144.0,
                202.0,
                202.0,
                85.0,
                202.0,
                202.0,
                202.0,
                149.0,
                118.0,
                127.0,
                202.0,
                202.0,
                97.0,
                116.0,
                202.0,
                185.0,
                202.0,
                153.0,
                2.0,
                126.0,
                75.0
            ],
            "mean": 152.6,
            "std": 56.45033215137003
        },