{
    "best_model.pt": {
        "0": {
            "episode_rewards": [
                202.0,
                151.0,
                202.0,
                156.0,
                202.0,
                199.0,
                194.0,
                202.0,
                202.0,
                202.0,
                195.0,
                202.0,
                202.0,
                202.0,
                202.0,
                190.0,
                134.0,
                202.0,
                202.0,
                161.0,
                196.0,
                192.0,
                202.0,
                202.0,
                202.0,
                202.0,
                178.0,
                151.0,
                202.0,
                161.0
            ],
            "mean": 189.73333333333332,
            "std": 19.805610877279758
        },
        "1": {
            "episode_rewards": [
                202.0,
                202.0,
                202.0,
                202.0,
                202.0,
                202.0,
                202.0,
                200.0,
                202.0,
                129.0,
                202.0,
                202.0,
                202.0,
                202.0,
                181.0,
                202.0,
                202.0,
                202.0,
                160.0,
                202.0,
                202.0,
                202.0,
                202.0,
                132.0,
                101.0,
                133.0,
                202.0,
                202.0,
                202.0,
                202.0
            ],
            "mean": 189.4,
            "std": 27.469498235922206
        },
        "2": {
            "episode_rewards": [
                202.0,
                202.0,
                202.0,
                93.0,
                202.0,
                202.0,
                202.0,
                202.0,
                170.0,
                202.0,
                202.0,
                190.0,
                202.0,
                167.0,
                202.0,
                132.0,
                134.0,
                136.0,
                202.0,
                202.0,
                202.0,
                154.0,
                202.0,
                202.0,
                166.0,
                127.0,
                116.0,
                202.0,
                202.0,
                120.0
            ],
            "mean": 178.03333333333333,
            "std": 33.79692622446932
        },
        "3": {
            "episode_rewards": [
                202.0,
                202.0,
                202.0,
                202.0,
                147.0,
                158.0,
                202.0,
                202.0,
                202.0,
                114.0,
                143.0,
                202.0,
                91.0,
                188.0,
                128.0,
                202.0,
                151.0,
                106.0,
                158.0,
                121.0,
                202.0,
                98.0,
                156.0,
                202.0,
                202.0,
                202.0,
                202.0,
                202.0,
                188.0,
                202.0
            ],
            "mean": 172.63333333333333,
            "std": 37.30458714718905
        },
        "4": {
            "episode_rewards": [
                113.0,
                202.0,
                202.0,
                202.0,
                202.0,
                202.0,
                91.0,
                202.0,
                146.0,
                153.0,
                202.0,
                116.0,
                202.0,
                202.0,
                157.0,
                202.0,
                104.0,
                202.0,
                147.0,
                202.0,
                202.0,
                202.0,
                202.0,
                202.0,
                112.0,
                111.0,
                202.0,
                95.0,
                202.0,
                157.0
            ],
            "mean": 171.26666666666668,
            "std": 40.557722925342944
        },
        "5": {
            "episode_rewards": [
                202.0,
                202.0,
                202.0,
                135.0,
                178.0,
                91.0,
                202.0,
                111.0,
                202.0,
                202.0,
                202.0,
                77.0,
                90.0,
                116.0,
                202.0,
                106.0,
                133.0,
                202.0,
                103.0,
                202.0,
                202.0,
                202.0,
                202.0,
                202.0,
                119.0,
                202.0,
                202.0,
                202.0,
                202.0,
                92.0
            ],
            "mean": 166.23333333333332,
            "std": 46.76942258451443
        },
        "6": {
            "episode_rewards": [
                154.0,
                112.0,
                88.0,
                202.0,
                202.0,
                177.0,
                202.0,
                116.0,
                202.0,
                202.0,
                130.0,
                108.0,
                131.0,
                115.0,
                141.0,
                202.0,
                202.0,
                111.0,
                152.0,
                202.0,
                202.0,
                117.0,
                202.0,
                202.0,
                202.0,
                127.0,
                202.0,
                143.0,
                202.0,
                117.0
            ],
            "mean": 162.23333333333332,
            "std": 40.27710957300133
        },
        "7": {
            "episode_rewards": [
                151.0,
                202.0,
                86.0,
                167.0,
                202.0,
                202.0,
                147.0,
                202.0,
                202.0,
                76.0,
                202.0,
                202.0,
                174.0,
                202.0,
                73.0,
                202.0,
                202.0,
                76.0,
                137.0,
                134.0,
                88.0,
                202.0,
                167.0,
                158.0,
                202.0,
                169.0,
                69.0,
                94.0,
                139.0,
                202.0
            ],
            "mean": 157.7,
            "std": 48.31366266388836
        },
        "8": {
            "episode_rewards": [
                202.0,
                94.0,
                202.0,
                202.0,
                202.0,
                171.0,
                202.0,
                202.0,
                183.0,
                202.0,
                202.0,
                202.0,
                202.0,
                67.0,
                85.0,
                143.0,
                202.0,
                34.0,
                2.0,
                202.0,
                100.0,
                202.0,
                63.0,
                82.0,
                202.0,
                202.0,
                141.0,
                91.0,
                86.0,
                112.0
            ],
            "mean": 149.46666666666667,
            "std": 62.05789411688268
        },