{
    "best_model.pt": {
        "in_distribution": {
            "episode_rewards": [
                202.0,
                202.0,
                194.0,
                202.0,
                189.0,
                202.0,
                202.0,
                202.0,
                202.0,
                152.0
            ],
            "mean": 194.9,
            "std": 14.929500996349477
        },
        "out_of_distribution": {
            "episode_rewards": [
                202.0,
                202.0,
                202.0,
                202.0,
                202.0,
                137.0,
                97.0,
                96.0,
                202.0,
                71.0
            ],
            "mean": 161.3,
            "std": 52.04046502482467
        }
    },
    "best_model_local_0.pt": {
        "in_distribution": {
            "episode_rewards": [
                190.0,
                202.0,
                202.0,
                202.0,
                202.0,
                202.0,
                202.0,
                159.0,
                202.0,
                202.0
            ],
            "mean": 196.5,
            "std": 13.001922934704698
        },
        "out_of_distribution": {
            "episode_rewards": [
                202.0,
                202.0,
                62.0,
                192.0,
                133.0,
                202.0,
                202.0,
                161.0,
                202.0,
                202.0
            ],
            "mean": 176.0,
            "std": 44.024992901759795
        }
    },
    "best_model_local_1000.pt": {
        "in_distribution": {
            "episode_rewards": [
                202.0,
                202.0,
                202.0,
                122.0,
                60.0,
                202.0,
                202.0,
                202.0,
                111.0,
                202.0
            ],
            "mean": 170.7,
            "std": 50.048076886130204
        },
        "out_of_distribution": {
            "episode_rewards": [
                202.0,
                202.0,
                24.0,
                202.0,
                95.0,
                68.0,
                109.0,
                202.0,
                202.0,
                202.0
            ],
            "mean": 150.8,
            "std": 65.97241847924025
        }
    },
    "best_model_local_1500.pt": {
        "in_distribution": {
            "episode_rewards": [
                202.0,
                202.0,
                202.0,
                202.0,
                202.0,
                202.0,
                202.0,
                202.0,
                202.0,
                202.0
            ],
            "mean": 202.0,
            "std": 0.0
        },
        "out_of_distribution": {
            "episode_rewards": [
                202.0,
                192.0,
                202.0,
                178.0,
                181.0,
                202.0,
                180.0,
                202.0,
                202.0,
                181.0
            ],
            "mean": 192.2,
            "std": 10.4
        }
    },
    "best_model_local_2000.pt": {
        "in_distribution": {
            "episode_rewards": [
                202.0,
                202.0,
                202.0,
                202.0,
                202.0,
                202.0,
                202.0,
                202.0,
                199.0,
                202.0
            ],
            "mean": 201.7,
            "std": 0.9
        },
        "out_of_distribution": {
            "episode_rewards": [
                202.0,
                135.0,
                184.0,
                202.0,
                173.0,
                202.0,
                168.0,
                185.0,
                202.0,
                202.0
            ],
            "mean": 185.5,
            "std": 20.92008604188807
        }
    },
    "best_model_local_2500.pt": {
        "in_distribution": {
            "episode_rewards": [
                202.0,
                202.0,
                202.0,
                202.0,
                202.0,
                202.0,
                202.0,
                202.0,
                202.0,
                202.0
            ],
            "mean": 202.0,
            "std": 0.0
        },
        "out_of_distribution": {
            "episode_rewards": [
                202.0,
                202.0,
                202.0,
                202.0,
                202.0,
                202.0,
                202.0,
                202.0,
                202.0,
                202.0
            ],
            "mean": 202.0,
            "std": 0.0
        }
    },
    "best_model_local_3000.pt": {
        "in_distribution": {
            "episode_rewards": [
                202.0,
                202.0,
                202.0,
                202.0,
                202.0,
                202.0,
                202.0,
                202.0,
                202.0,
                155.0
            ],
            "mean": 197.3,
            "std": 14.1
        },
        "out_of_distribution": {
            "episode_rewards": [
                108.0,
                101.0,
                202.0,
                202.0,
                79.0,
                104.0,
                97.0,
                202.0,
                108.0,
                202.0
            ],
            "mean": 140.5,
            "std": 50.8020668870864
        }
    },
    "best_model_local_3500.pt": {
        "in_distribution": {
            "episode_rewards": [
                202.0,
                202.0,
                202.0,
                202.0,
                202.0,
                202.0,
                202.0,
                202.0,
                202.0,
                202.0
            ],
            "mean": 202.0,
            "std": 0.0
        },
        "out_of_distribution": {
            "episode_rewards": [
                202.0,
                202.0,
                202.0,
                202.0,
                202.0,
                202.0,
                202.0,
                137.0,
                202.0,
                202.0
            ],
            "mean": 195.5,
            "std": 19.5
        }
    },
    "best_model_local_4000.pt": {
        "in_distribution": {
            "episode_rewards": [
                202.0,
                161.0,
                202.0,
                202.0,
                202.0,
                202.0,
                202.0,
                178.0,
                202.0,
                202.0
            ],
            "mean": 195.5,
            "std": 13.54437152473307
        },
        "out_of_distribution": {
            "episode_rewards": [
                202.0,
                142.0,
                202.0,
                149.0,
                202.0,
                197.0,
                138.0,
                202.0,
                192.0,
                202.0
            ],
            "mean": 182.8,
            "std": 26.350711565344874
        }
    },
    "best_model_local_4500.pt": {
        "in_distribution": {
            "episode_rewards": [
                202.0,
                202.0,
                202.0,
                202.0,
                202.0,
                202.0,
                202.0,
                202.0,
                202.0,
                202.0
            ],
            "mean": 202.0,
            "std": 0.0
        },
        "out_of_distribution": {
            "episode_rewards": [
                202.0,
                202.0,
                202.0,
                202.0,
                202.0,
                202.0,
                202.0,
                202.0,
                202.0,
                202.0
            ],
            "mean": 202.0,
            "std": 0.0
        }
    },